id,file,date,year,width,height,thumb,src
img-3460,IMG_3460.JPG,2012-04-27,2012,2305,1537,assets/photos/thumbs/img-3460.jpg,assets/photos/full/img-3460.jpg
img-3467,IMG_3467.JPG,2012-04-27,2012,2049,1537,assets/photos/thumbs/img-3467.jpg,assets/photos/full/img-3467.jpg
img-3674,IMG_3674.jpeg,2013-10-27,2013,1920,1280,assets/photos/thumbs/img-3674.jpg,assets/photos/full/img-3674.jpg
mg-3799,_MG_3799.jpeg,2013-11-03,2013,1920,1280,assets/photos/thumbs/mg-3799.jpg,assets/photos/full/mg-3799.jpg
mg-6197,_MG_6197.jpeg,2013-11-21,2013,720,480,assets/photos/thumbs/mg-6197.jpg,assets/photos/full/mg-6197.jpg
img-6912,IMG_6912.JPG,2013-12-14,2013,2305,1537,assets/photos/thumbs/img-6912.jpg,assets/photos/full/img-6912.jpg
img-6922,IMG_6922.JPG,2013-12-18,2013,2305,1537,assets/photos/thumbs/img-6922.jpg,assets/photos/full/img-6922.jpg
mg-9804,_MG_9804.JPG,2014-07-19,2014,2305,1537,assets/photos/thumbs/mg-9804.jpg,assets/photos/full/mg-9804.jpg
img-9893,IMG_9893.JPG,2014-12-06,2014,2305,1537,assets/photos/thumbs/img-9893.jpg,assets/photos/full/img-9893.jpg
img-9948,IMG_9948.JPG,2014-12-31,2014,2305,1537,assets/photos/thumbs/img-9948.jpg,assets/photos/full/img-9948.jpg
img-0175,IMG_0175.JPG,2015-01-30,2015,2305,1537,assets/photos/thumbs/img-0175.jpg,assets/photos/full/img-0175.jpg
img-0264,IMG_0264.JPG,2015-01-30,2015,2305,1537,assets/photos/thumbs/img-0264.jpg,assets/photos/full/img-0264.jpg
img-0270,IMG_0270.JPG,2015-01-30,2015,2305,1537,assets/photos/thumbs/img-0270.jpg,assets/photos/full/img-0270.jpg
img-0787,IMG_0787.JPG,2015-04-28,2015,2305,1537,assets/photos/thumbs/img-0787.jpg,assets/photos/full/img-0787.jpg
img-9061,IMG_9061.JPG,2015-05-24,2015,2305,1537,assets/photos/thumbs/img-9061.jpg,assets/photos/full/img-9061.jpg
img-0167,IMG_0167.JPG,2015-06-23,2015,2305,1537,assets/photos/thumbs/img-0167.jpg,assets/photos/full/img-0167.jpg
img-1587,IMG_1587.jpeg,2015-07-16,2015,1383,1381,assets/photos/thumbs/img-1587.jpg,assets/photos/full/img-1587.jpg
img-1625,IMG_1625.jpeg,2015-07-17,2015,2048,1594,assets/photos/thumbs/img-1625.jpg,assets/photos/full/img-1625.jpg
img-1630,IMG_1630.JPG,2015-07-17,2015,2049,1699,assets/photos/thumbs/img-1630.jpg,assets/photos/full/img-1630.jpg
img-6305,IMG_6305.JPG,2018-05-05,2018,2305,1537,assets/photos/thumbs/img-6305.jpg,assets/photos/full/img-6305.jpg
img-6427,IMG_6427.JPG,2018-05-24,2018,2305,1537,assets/photos/thumbs/img-6427.jpg,assets/photos/full/img-6427.jpg
img-6470-1,IMG_6470 (1).JPG,2018-06-02,2018,2305,1537,assets/photos/thumbs/img-6470-1.jpg,assets/photos/full/img-6470-1.jpg
img-0030,IMG_0030.jpeg,2019-03-28,2019,2049,1537,assets/photos/thumbs/img-0030.jpg,assets/photos/full/img-0030.jpg
img-0031,IMG_0031.jpeg,2019-03-28,2019,2049,1537,assets/photos/thumbs/img-0031.jpg,assets/photos/full/img-0031.jpg
img-0035,IMG_0035.jpeg,2019-04-10,2019,2049,1537,assets/photos/thumbs/img-0035.jpg,assets/photos/full/img-0035.jpg
img-0036,IMG_0036.jpeg,2019-04-10,2019,2049,1537,assets/photos/thumbs/img-0036.jpg,assets/photos/full/img-0036.jpg
img-0037,IMG_0037.jpeg,2019-04-10,2019,2049,1537,assets/photos/thumbs/img-0037.jpg,assets/photos/full/img-0037.jpg
img-0165-2,IMG_0165 (2).JPG,2019-07-06,2019,2975,1536,assets/photos/thumbs/img-0165-2.jpg,assets/photos/full/img-0165-2.jpg
img-0255,IMG_0255.JPG,2019-09-26,2019,2049,1537,assets/photos/thumbs/img-0255.jpg,assets/photos/full/img-0255.jpg
img-0259,IMG_0259.JPG,2019-09-30,2019,2049,1537,assets/photos/thumbs/img-0259.jpg,assets/photos/full/img-0259.jpg
img-0261,IMG_0261.JPG,2019-09-30,2019,2049,1537,assets/photos/thumbs/img-0261.jpg,assets/photos/full/img-0261.jpg
img-0263,IMG_0263.JPG,2019-09-30,2019,2049,1537,assets/photos/thumbs/img-0263.jpg,assets/photos/full/img-0263.jpg
img-0266,IMG_0266.JPG,2019-09-30,2019,2049,1537,assets/photos/thumbs/img-0266.jpg,assets/photos/full/img-0266.jpg
img-0267,IMG_0267.JPG,2019-09-30,2019,2049,1537,assets/photos/thumbs/img-0267.jpg,assets/photos/full/img-0267.jpg
img-0269,IMG_0269.JPG,2019-09-30,2019,1537,2049,assets/photos/thumbs/img-0269.jpg,assets/photos/full/img-0269.jpg
img-0271,IMG_0271.JPG,2019-09-30,2019,2049,1537,assets/photos/thumbs/img-0271.jpg,assets/photos/full/img-0271.jpg
img-0272,IMG_0272.JPG,2019-09-30,2019,2049,1537,assets/photos/thumbs/img-0272.jpg,assets/photos/full/img-0272.jpg
img-6336,IMG_6336.jpeg,2019-10-06,2019,2048,2048,assets/photos/thumbs/img-6336.jpg,assets/photos/full/img-6336.jpg
img-9200,IMG_9200.JPG,2020-01-31,2020,2305,1537,assets/photos/thumbs/img-9200.jpg,assets/photos/full/img-9200.jpg
img-9371,IMG_9371.JPG,2020-06-09,2020,2305,1537,assets/photos/thumbs/img-9371.jpg,assets/photos/full/img-9371.jpg
img-9372,IMG_9372.JPG,2020-06-09,2020,2393,1537,assets/photos/thumbs/img-9372.jpg,assets/photos/full/img-9372.jpg
img-9380,IMG_9380.JPG,2020-06-09,2020,2305,1537,assets/photos/thumbs/img-9380.jpg,assets/photos/full/img-9380.jpg
img-9395,IMG_9395.JPG,2020-06-09,2020,2305,1537,assets/photos/thumbs/img-9395.jpg,assets/photos/full/img-9395.jpg
img-9494,IMG_9494.JPG,2020-06-18,2020,3356,1536,assets/photos/thumbs/img-9494.jpg,assets/photos/full/img-9494.jpg
img-9543,IMG_9543.JPG,2020-06-19,2020,2305,1537,assets/photos/thumbs/img-9543.jpg,assets/photos/full/img-9543.jpg
img-9581,IMG_9581.JPG,2020-06-19,2020,2305,1537,assets/photos/thumbs/img-9581.jpg,assets/photos/full/img-9581.jpg
img-9588,IMG_9588.JPG,2020-06-19,2020,2305,1537,assets/photos/thumbs/img-9588.jpg,assets/photos/full/img-9588.jpg
img-9659,IMG_9659.JPG,2020-06-19,2020,2305,1537,assets/photos/thumbs/img-9659.jpg,assets/photos/full/img-9659.jpg
img-0956,IMG_0956.JPG,2020-06-24,2020,2279,1537,assets/photos/thumbs/img-0956.jpg,assets/photos/full/img-0956.jpg
img-9740,IMG_9740.JPG,2020-06-27,2020,2305,1537,assets/photos/thumbs/img-9740.jpg,assets/photos/full/img-9740.jpg
img-0979,IMG_0979.JPG,2020-06-27,2020,2049,1537,assets/photos/thumbs/img-0979.jpg,assets/photos/full/img-0979.jpg
img-0984-1,IMG_0984 (1).JPG,2020-06-27,2020,2048,2048,assets/photos/thumbs/img-0984-1.jpg,assets/photos/full/img-0984-1.jpg
img-1009,IMG_1009.JPG,2020-06-27,2020,2049,1537,assets/photos/thumbs/img-1009.jpg,assets/photos/full/img-1009.jpg
img-9843,IMG_9843.JPG,2020-06-29,2020,2305,1537,assets/photos/thumbs/img-9843.jpg,assets/photos/full/img-9843.jpg
img-9977,IMG_9977.JPG,2020-07-17,2020,2049,1792,assets/photos/thumbs/img-9977.jpg,assets/photos/full/img-9977.jpg
img-0001,IMG_0001.JPG,2020-07-17,2020,2305,1537,assets/photos/thumbs/img-0001.jpg,assets/photos/full/img-0001.jpg
img-0019,IMG_0019.JPG,2020-07-19,2020,2305,1537,assets/photos/thumbs/img-0019.jpg,assets/photos/full/img-0019.jpg
img-0054,IMG_0054.JPG,2020-07-21,2020,2305,1537,assets/photos/thumbs/img-0054.jpg,assets/photos/full/img-0054.jpg
img-0102,IMG_0102.JPG,2020-07-21,2020,2305,1537,assets/photos/thumbs/img-0102.jpg,assets/photos/full/img-0102.jpg
img-0147,IMG_0147.JPG,2020-07-29,2020,2305,1537,assets/photos/thumbs/img-0147.jpg,assets/photos/full/img-0147.jpg
img-0176,IMG_0176.JPG,2020-07-30,2020,2305,1537,assets/photos/thumbs/img-0176.jpg,assets/photos/full/img-0176.jpg
img-0177,IMG_0177.JPG,2020-07-30,2020,2081,1536,assets/photos/thumbs/img-0177.jpg,assets/photos/full/img-0177.jpg
img-0190,IMG_0190.JPG,2020-07-30,2020,2424,1536,assets/photos/thumbs/img-0190.jpg,assets/photos/full/img-0190.jpg
img-0194,IMG_0194.JPG,2020-07-30,2020,2588,1536,assets/photos/thumbs/img-0194.jpg,assets/photos/full/img-0194.jpg
img-0232,IMG_0232.JPG,2020-07-30,2020,2305,1537,assets/photos/thumbs/img-0232.jpg,assets/photos/full/img-0232.jpg
img-0300,IMG_0300.JPG,2020-07-30,2020,2305,1537,assets/photos/thumbs/img-0300.jpg,assets/photos/full/img-0300.jpg
img-0316,IMG_0316.JPG,2020-07-30,2020,2305,1537,assets/photos/thumbs/img-0316.jpg,assets/photos/full/img-0316.jpg
img-0421,IMG_0421.JPG,2020-07-30,2020,2305,1537,assets/photos/thumbs/img-0421.jpg,assets/photos/full/img-0421.jpg
img-0600,IMG_0600.JPG,2020-08-09,2020,2305,1537,assets/photos/thumbs/img-0600.jpg,assets/photos/full/img-0600.jpg
img-0602,IMG_0602.JPG,2020-08-09,2020,2305,1537,assets/photos/thumbs/img-0602.jpg,assets/photos/full/img-0602.jpg
img-1691,IMG_1691.JPG,2020-11-08,2020,2305,1537,assets/photos/thumbs/img-1691.jpg,assets/photos/full/img-1691.jpg
img-1705,IMG_1705.JPG,2020-11-08,2020,2435,1536,assets/photos/thumbs/img-1705.jpg,assets/photos/full/img-1705.jpg
img-1304,IMG_1304.JPG,2020-12-20,2020,1537,2049,assets/photos/thumbs/img-1304.jpg,assets/photos/full/img-1304.jpg
img-8072,IMG_8072.JPG,2021-04-16,2021,2305,1537,assets/photos/thumbs/img-8072.jpg,assets/photos/full/img-8072.jpg
img-8074-1,IMG_8074 (1).JPG,2021-04-16,2021,2305,1537,assets/photos/thumbs/img-8074-1.jpg,assets/photos/full/img-8074-1.jpg
img-8088,IMG_8088.JPG,2021-04-16,2021,2466,1536,assets/photos/thumbs/img-8088.jpg,assets/photos/full/img-8088.jpg
img-8628-1,IMG_8628 (1).JPG,2021-04-17,2021,2305,1537,assets/photos/thumbs/img-8628-1.jpg,assets/photos/full/img-8628-1.jpg
img-8651,IMG_8651.JPG,2021-04-17,2021,2305,1537,assets/photos/thumbs/img-8651.jpg,assets/photos/full/img-8651.jpg
img-8654,IMG_8654.JPG,2021-04-17,2021,2305,1537,assets/photos/thumbs/img-8654.jpg,assets/photos/full/img-8654.jpg
img-8733,IMG_8733.JPG,2021-05-20,2021,2305,1537,assets/photos/thumbs/img-8733.jpg,assets/photos/full/img-8733.jpg
img-8774,IMG_8774.JPG,2021-05-20,2021,2305,1537,assets/photos/thumbs/img-8774.jpg,assets/photos/full/img-8774.jpg
img-8974,IMG_8974.JPG,2021-06-02,2021,2305,1537,assets/photos/thumbs/img-8974.jpg,assets/photos/full/img-8974.jpg
img-9033,IMG_9033.JPG,2021-06-02,2021,2305,1537,assets/photos/thumbs/img-9033.jpg,assets/photos/full/img-9033.jpg
img-9035,IMG_9035.JPG,2021-06-02,2021,2305,1537,assets/photos/thumbs/img-9035.jpg,assets/photos/full/img-9035.jpg
img-9036,IMG_9036.JPG,2021-06-02,2021,2305,1537,assets/photos/thumbs/img-9036.jpg,assets/photos/full/img-9036.jpg
img-9510,IMG_9510.JPG,2021-06-12,2021,2305,1537,assets/photos/thumbs/img-9510.jpg,assets/photos/full/img-9510.jpg
img-1983,IMG_1983.jpeg,2021-07-07,2021,1365,2048,assets/photos/thumbs/img-1983.jpg,assets/photos/full/img-1983.jpg
img-0155,IMG_0155.JPG,2021-07-15,2021,2305,1536,assets/photos/thumbs/img-0155.jpg,assets/photos/full/img-0155.jpg
img-2138,IMG_2138.JPG,2021-07-27,2021,2305,1537,assets/photos/thumbs/img-2138.jpg,assets/photos/full/img-2138.jpg
img-2167,IMG_2167.JPG,2021-07-27,2021,2305,1537,assets/photos/thumbs/img-2167.jpg,assets/photos/full/img-2167.jpg
img-2170-1,IMG_2170 (1).JPG,2021-07-27,2021,2048,1626,assets/photos/thumbs/img-2170-1.jpg,assets/photos/full/img-2170-1.jpg
img-2218,IMG_2218.JPG,2021-07-27,2021,2304,1536,assets/photos/thumbs/img-2218.jpg,assets/photos/full/img-2218.jpg
img-2220,IMG_2220.JPG,2021-07-27,2021,2580,1536,assets/photos/thumbs/img-2220.jpg,assets/photos/full/img-2220.jpg
img-2243,IMG_2243.JPG,2021-08-29,2021,2305,1537,assets/photos/thumbs/img-2243.jpg,assets/photos/full/img-2243.jpg
img-2281,IMG_2281.JPG,2021-08-29,2021,2305,1537,assets/photos/thumbs/img-2281.jpg,assets/photos/full/img-2281.jpg
img-2285,IMG_2285.JPG,2021-08-29,2021,2305,1537,assets/photos/thumbs/img-2285.jpg,assets/photos/full/img-2285.jpg
img-2305,IMG_2305.JPG,2021-08-29,2021,2304,1536,assets/photos/thumbs/img-2305.jpg,assets/photos/full/img-2305.jpg
img-2086,IMG_2086.JPG,2021-10-02,2021,2049,1537,assets/photos/thumbs/img-2086.jpg,assets/photos/full/img-2086.jpg
img-2368,IMG_2368.JPG,2021-11-25,2021,2305,1537,assets/photos/thumbs/img-2368.jpg,assets/photos/full/img-2368.jpg
img-2380,IMG_2380.JPG,2021-11-25,2021,2305,1537,assets/photos/thumbs/img-2380.jpg,assets/photos/full/img-2380.jpg
img-2384,IMG_2384.JPG,2021-11-25,2021,2305,1537,assets/photos/thumbs/img-2384.jpg,assets/photos/full/img-2384.jpg
img-2462,IMG_2462.JPG,2021-11-25,2021,2305,1537,assets/photos/thumbs/img-2462.jpg,assets/photos/full/img-2462.jpg
img-2522,IMG_2522.JPG,2021-11-25,2021,2305,1537,assets/photos/thumbs/img-2522.jpg,assets/photos/full/img-2522.jpg
img-2526,IMG_2526.JPG,2021-11-25,2021,2305,1537,assets/photos/thumbs/img-2526.jpg,assets/photos/full/img-2526.jpg
img-6572,IMG_6572.JPG,2021-11-26,2021,2305,1537,assets/photos/thumbs/img-6572.jpg,assets/photos/full/img-6572.jpg
img-6611,IMG_6611.JPG,2021-11-26,2021,2731,1536,assets/photos/thumbs/img-6611.jpg,assets/photos/full/img-6611.jpg
img-6612,IMG_6612.JPG,2021-11-26,2021,2731,1536,assets/photos/thumbs/img-6612.jpg,assets/photos/full/img-6612.jpg
img-6739-1,IMG_6739 (1).JPG,2022-02-05,2022,2374,1536,assets/photos/thumbs/img-6739-1.jpg,assets/photos/full/img-6739-1.jpg
img-6745,IMG_6745.JPG,2022-02-05,2022,1594,1667,assets/photos/thumbs/img-6745.jpg,assets/photos/full/img-6745.jpg
img-0301-1,IMG_0301 (1).jpeg,2022-04-12,2022,2049,1537,assets/photos/thumbs/img-0301-1.jpg,assets/photos/full/img-0301-1.jpg
img-0560,IMG_0560.jpeg,2022-06-08,2022,2454,1536,assets/photos/thumbs/img-0560.jpg,assets/photos/full/img-0560.jpg
img-7194,IMG_7194.JPG,2022-06-14,2022,2305,1537,assets/photos/thumbs/img-7194.jpg,assets/photos/full/img-7194.jpg
img-7235,IMG_7235.JPG,2022-07-01,2022,2305,1537,assets/photos/thumbs/img-7235.jpg,assets/photos/full/img-7235.jpg
img-7245,IMG_7245.JPG,2022-07-01,2022,2305,1537,assets/photos/thumbs/img-7245.jpg,assets/photos/full/img-7245.jpg
img-7249,IMG_7249.JPG,2022-07-01,2022,2305,1537,assets/photos/thumbs/img-7249.jpg,assets/photos/full/img-7249.jpg
img-7258,IMG_7258.JPG,2022-07-01,2022,2305,1537,assets/photos/thumbs/img-7258.jpg,assets/photos/full/img-7258.jpg
img-7259,IMG_7259.JPG,2022-07-01,2022,2305,1537,assets/photos/thumbs/img-7259.jpg,assets/photos/full/img-7259.jpg
img-7284,IMG_7284.JPG,2022-07-01,2022,2305,1537,assets/photos/thumbs/img-7284.jpg,assets/photos/full/img-7284.jpg
img-7299,IMG_7299.JPG,2022-07-01,2022,2305,1537,assets/photos/thumbs/img-7299.jpg,assets/photos/full/img-7299.jpg
img-7361,IMG_7361.JPG,2022-07-02,2022,2305,1537,assets/photos/thumbs/img-7361.jpg,assets/photos/full/img-7361.jpg
img-0624,IMG_0624.jpeg,2022-08-01,2022,2049,1537,assets/photos/thumbs/img-0624.jpg,assets/photos/full/img-0624.jpg
img-2944-1,IMG_2944 (1).jpeg,2022-09-02,2022,1537,2049,assets/photos/thumbs/img-2944-1.jpg,assets/photos/full/img-2944-1.jpg
img-0693,IMG_0693.jpeg,2022-09-03,2022,2049,1537,assets/photos/thumbs/img-0693.jpg,assets/photos/full/img-0693.jpg
img-3060,IMG_3060.jpeg,2022-09-04,2022,2049,1537,assets/photos/thumbs/img-3060.jpg,assets/photos/full/img-3060.jpg
img-0728,IMG_0728.jpeg,2022-09-04,2022,2049,1537,assets/photos/thumbs/img-0728.jpg,assets/photos/full/img-0728.jpg
img-3204,IMG_3204.jpeg,2022-09-07,2022,2049,1537,assets/photos/thumbs/img-3204.jpg,assets/photos/full/img-3204.jpg
img-0936,IMG_0936.jpeg,2022-09-10,2022,2049,1537,assets/photos/thumbs/img-0936.jpg,assets/photos/full/img-0936.jpg
img-0948,IMG_0948.jpeg,2022-09-10,2022,2049,1537,assets/photos/thumbs/img-0948.jpg,assets/photos/full/img-0948.jpg
img-0961,IMG_0961.jpeg,2022-09-10,2022,2049,1537,assets/photos/thumbs/img-0961.jpg,assets/photos/full/img-0961.jpg
img-0967,IMG_0967.jpeg,2022-09-10,2022,2049,1537,assets/photos/thumbs/img-0967.jpg,assets/photos/full/img-0967.jpg
fullsizerender,FullSizeRender.jpeg,2022-09-10,2022,1536,2049,assets/photos/thumbs/fullsizerender.jpg,assets/photos/full/fullsizerender.jpg
img-3461,IMG_3461.jpeg,2022-09-10,2022,1537,2049,assets/photos/thumbs/img-3461.jpg,assets/photos/full/img-3461.jpg
img-1033,IMG_1033.jpeg,2022-09-11,2022,2049,1537,assets/photos/thumbs/img-1033.jpg,assets/photos/full/img-1033.jpg
img-1038,IMG_1038.jpeg,2022-09-11,2022,1537,2049,assets/photos/thumbs/img-1038.jpg,assets/photos/full/img-1038.jpg
img-1067,IMG_1067.jpeg,2022-09-11,2022,2049,1537,assets/photos/thumbs/img-1067.jpg,assets/photos/full/img-1067.jpg
img-1106,IMG_1106.jpeg,2022-09-12,2022,2049,1537,assets/photos/thumbs/img-1106.jpg,assets/photos/full/img-1106.jpg
img-1130,IMG_1130.jpeg,2022-09-12,2022,2049,1537,assets/photos/thumbs/img-1130.jpg,assets/photos/full/img-1130.jpg
img-1183,IMG_1183.jpeg,2022-09-13,2022,2049,1537,assets/photos/thumbs/img-1183.jpg,assets/photos/full/img-1183.jpg
img-3689,IMG_3689.jpeg,2022-09-13,2022,1537,2049,assets/photos/thumbs/img-3689.jpg,assets/photos/full/img-3689.jpg
img-1352,IMG_1352.jpeg,2022-10-08,2022,1536,2304,assets/photos/thumbs/img-1352.jpg,assets/photos/full/img-1352.jpg
img-1373,IMG_1373.jpeg,2022-10-09,2022,2583,1536,assets/photos/thumbs/img-1373.jpg,assets/photos/full/img-1373.jpg
img-7593,IMG_7593.JPG,2022-10-15,2022,2305,1537,assets/photos/thumbs/img-7593.jpg,assets/photos/full/img-7593.jpg
img-7595,IMG_7595.JPG,2022-10-15,2022,2304,1536,assets/photos/thumbs/img-7595.jpg,assets/photos/full/img-7595.jpg
img-7639,IMG_7639.JPG,2022-10-15,2022,2305,1537,assets/photos/thumbs/img-7639.jpg,assets/photos/full/img-7639.jpg
img-7653,IMG_7653.JPG,2022-10-15,2022,2304,1536,assets/photos/thumbs/img-7653.jpg,assets/photos/full/img-7653.jpg
img-7711,IMG_7711.JPG,2022-10-16,2022,2304,1536,assets/photos/thumbs/img-7711.jpg,assets/photos/full/img-7711.jpg
img-1409-1,IMG_1409 (1).jpeg,2022-10-28,2022,2049,1537,assets/photos/thumbs/img-1409-1.jpg,assets/photos/full/img-1409-1.jpg
img-7766,IMG_7766.JPG,2022-10-29,2022,2305,1537,assets/photos/thumbs/img-7766.jpg,assets/photos/full/img-7766.jpg
img-7844,IMG_7844.JPG,2022-10-29,2022,2305,1537,assets/photos/thumbs/img-7844.jpg,assets/photos/full/img-7844.jpg
img-1441,IMG_1441.jpeg,2022-11-01,2022,2305,1536,assets/photos/thumbs/img-1441.jpg,assets/photos/full/img-1441.jpg
img-1445-1,IMG_1445 (1).jpeg,2022-11-01,2022,1676,885,assets/photos/thumbs/img-1445-1.jpg,assets/photos/full/img-1445-1.jpg
img-1450,IMG_1450.jpeg,2022-11-01,2022,2305,1537,assets/photos/thumbs/img-1450.jpg,assets/photos/full/img-1450.jpg
img-8244,IMG_8244.JPG,2022-11-10,2022,2305,1537,assets/photos/thumbs/img-8244.jpg,assets/photos/full/img-8244.jpg
img-8701,IMG_8701.jpeg,2022-11-10,2022,2304,1536,assets/photos/thumbs/img-8701.jpg,assets/photos/full/img-8701.jpg
img-1628,IMG_1628.jpeg,2022-12-25,2022,2049,1537,assets/photos/thumbs/img-1628.jpg,assets/photos/full/img-1628.jpg
img-1675,IMG_1675.jpeg,2023-02-06,2023,2049,1537,assets/photos/thumbs/img-1675.jpg,assets/photos/full/img-1675.jpg
img-9012,IMG_9012.JPG,2023-03-21,2023,2305,1537,assets/photos/thumbs/img-9012.jpg,assets/photos/full/img-9012.jpg
img-9043,IMG_9043.JPG,2023-03-21,2023,1190,793,assets/photos/thumbs/img-9043.jpg,assets/photos/full/img-9043.jpg
img-1830,IMG_1830.jpeg,2023-03-22,2023,2049,1537,assets/photos/thumbs/img-1830.jpg,assets/photos/full/img-1830.jpg
img-2708-1,IMG_2708 (1).JPG,2023-03-22,2023,2155,1293,assets/photos/thumbs/img-2708-1.jpg,assets/photos/full/img-2708-1.jpg
img-2714,IMG_2714.JPG,2023-03-22,2023,2305,1537,assets/photos/thumbs/img-2714.jpg,assets/photos/full/img-2714.jpg
